FEC_OFI_AYTO;COD. DISTR.;DISTRITO;COD. BARRIO;BARRIO;Latitud;Longitud;SEXO;0;1;2;3;4;5;6;7;8;9;10;11;12;13;14;15;16;17;18;19;20;21;22;23;24;25;26;27;28;29;30;31;32;33;34;35;36;37;38;39;40;41;42;43;44;45;46;47;48;49;50;51;52;53;54;55;56;57;58;59;60;61;62;63;64;65;66;67;68;69;70;71;72;73;74;75;76;77;78;79;80;81;82;83;84;85;86;87;88;89;90;91;92;93;94;95;96;97;98;99;100;101;102;103;104;105;106;107;108;109;110;111;TOTAL
01/01/2018;1;DEUSTU                   ;101;SAN IGNACIO              ;43.2817091;-2.9627109;HOMBRES;47;46;48;58;55;59;55;45;57;70;55;56;61;70;57;62;70;65;57;61;48;46;54;43;57;57;56;69;43;52;58;57;84;58;70;66;59;70;82;85;90;93;93;78;88;96;90;111;90;108;109;102;127;134;106;100;99;87;93;91;83;63;66;72;70;64;59;59;42;60;47;30;49;41;36;35;30;40;25;46;42;38;62;51;48;39;31;21;21;15;19;17;8;6;8;4;2;0;0;1;0;0;0;0;0;0;0;0;0;0;0;0;5803
01/01/2018;1;DEUSTU                   ;101;SAN IGNACIO              ;43.2817091;-2.9627109;MUJERES;47;47;35;54;65;42;52;46;34;53;52;37;57;60;59;63;56;64;53;45;65;58;52;52;50;62;51;61;54;61;39;68;56;73;77;72;78;90;90;80;92;85;98;90;107;102;100;106;119;109;128;133;112;121;109;117;101;101;97;97;80;85;71;78;68;74;69;64;72;65;61;67;54;68;63;69;65;73;45;69;74;99;81;67;84;69;59;58;47;48;41;47;37;26;24;15;11;8;6;2;2;1;2;0;1;0;2;0;0;0;0;0;6705
01/01/2018;1;DEUSTU                   ;102;ELORRIETA                ;43.2827913;-2.9658373;HOMBRES;2;6;7;6;7;9;8;4;12;11;8;12;7;7;6;5;9;9;9;7;8;14;4;5;4;7;1;7;6;5;4;4;5;5;2;2;4;7;4;9;14;7;7;9;11;20;14;9;16;16;12;16;21;15;15;12;8;15;7;11;7;10;10;9;9;8;5;4;5;3;5;4;4;7;4;2;3;1;2;1;4;0;2;2;3;0;0;0;1;0;0;0;1;0;0;0;0;0;0;0;0;0;0;0;0;0;0;0;0;0;0;0;629
01/01/2018;1;DEUSTU                   ;102;ELORRIETA                ;43.2827913;-2.9658373;MUJERES;7;6;1;4;5;2;11;7;9;11;2;14;7;8;7;12;6;7;3;8;5;5;5;3;5;7;4;4;1;4;5;4;5;8;7;8;6;8;8;11;11;15;11;16;6;22;15;14;17;20;18;14;16;8;12;9;15;12;11;13;20;8;3;14;6;7;4;6;5;5;2;7;4;2;2;1;3;5;0;2;3;5;3;3;4;5;4;5;3;0;0;1;0;0;0;0;0;0;0;1;0;0;0;0;0;0;0;0;0;0;0;0;668
01/01/2018;1;DEUSTU                   ;103;IBARREKOLANDA            ;43.2744792;-2.9586975;HOMBRES;32;32;25;33;30;32;29;30;37;36;35;24;39;43;33;38;29;49;42;41;35;40;54;34;51;43;49;56;51;66;71;43;61;74;62;62;58;50;73;56;59;71;63;54;68;56;56;49;65;53;67;70;81;78;72;85;76;63;87;79;82;74;95;75;85;84;78;61;78;63;60;72;66;52;49;46;33;30;37;30;48;40;43;34;48;37;27;27;17;19;5;12;7;8;1;2;0;1;1;2;0;0;0;0;0;0;0;0;0;0;0;0;4759
01/01/2018;1;DEUSTU                   ;103;IBARREKOLANDA            ;43.2744792;-2.9586975;MUJERES;27;28;30;39;26;33;23;24;29;40;28;35;35;30;33;37;37;44;41;34;47;40;44;46;45;48;49;40;45;56;70;66;45;79;51;70;56;56;57;58;59;73;56;54;56;58;63;71;66;69;71;82;85;74;107;98;77;111;96;110;105;97;89;102;70;93;89;70;94;89;68;84;92;70;59;48;57;55;60;44;70;52;68;68;51;51;43;44;37;43;33;32;19;13;14;10;10;8;2;5;1;1;0;0;0;0;0;0;0;0;0;0;5467
01/01/2018;1;DEUSTU                   ;104;SAN PEDRO DE DEUSTU      ;43.2707847;-2.9448553;HOMBRES;68;67;74;65;68;68;66;86;79;88;80;69;78;80;77;90;97;91;81;77;105;95;102;89;110;104;91;108;107;112;118;146;129;130;131;116;113;107;115;131;145;115;135;130;107;132;120;119;109;126;128;145;142;175;131;119;135;155;141;145;150;140;122;143;124;121;115;148;122;125;115;109;134;133;101;90;75;91;54;74;52;69;69;90;66;53;60;46;38;37;28;18;17;13;10;7;5;5;2;0;0;1;0;0;0;0;0;0;0;0;1;0;9435
01/01/2018;1;DEUSTU                   ;104;SAN PEDRO DE DEUSTU      ;43.2707847;-2.9448553;MUJERES;77;70;56;54;66;69;63;65;72;66;67;76;62;89;77;87;75;68;85;93;83;104;78;105;99;113;102;124;95;119;123;114;117;120;155;109;127;102;113;132;128;121;134;139;134;131;135;129;159;129;140;161;161;175;162;157;182;187;207;195;199;170;203;169;193;148;134;167;185;169;158;149;147;149;139;108;105;128;85;109;107;116;96;107;112;104;94;92;62;68;71;40;40;30;27;16;17;13;4;4;3;2;0;0;2;0;0;0;0;0;0;0;10978
01/01/2018;1;DEUSTU                   ;105;LA RIBERA                ;43.274386;-2.942251;HOMBRES;4;3;4;2;2;3;2;2;0;1;1;1;1;2;0;2;1;3;1;0;2;1;2;1;1;0;2;2;3;1;2;1;3;1;1;3;3;5;10;7;4;3;7;9;4;5;1;4;3;5;3;4;4;4;0;1;6;6;7;3;1;4;1;3;2;2;0;2;0;2;1;0;0;2;0;1;2;4;2;2;0;1;1;1;0;0;0;0;1;0;1;0;0;0;0;0;0;0;0;0;0;0;0;0;0;0;0;0;0;0;0;0;205
01/01/2018;1;DEUSTU                   ;105;LA RIBERA                ;43.274386;-2.942251;MUJERES;0;2;0;4;2;3;1;3;0;2;3;2;0;3;2;1;1;2;1;1;1;1;1;3;4;2;3;2;3;3;1;0;1;4;2;2;2;3;6;7;2;3;8;4;1;5;2;1;7;2;3;3;4;5;1;4;0;5;4;7;2;1;1;1;1;1;1;2;1;0;1;1;5;1;5;5;1;1;1;1;2;0;0;1;2;2;1;1;0;1;0;1;0;0;0;0;0;0;0;0;0;0;0;0;0;0;0;0;0;0;0;0;199
01/01/2018;1;DEUSTU                   ;106;ARANGOITI                ;43.2756822;-2.9481725;HOMBRES;9;16;11;18;12;10;16;20;14;27;26;15;27;17;27;12;19;13;15;25;20;16;29;26;22;24;23;31;22;20;25;23;23;27;33;24;21;27;29;30;29;28;40;35;30;44;23;34;39;38;38;37;32;48;35;36;23;30;38;23;29;30;20;21;29;23;23;19;23;18;19;21;22;27;16;21;14;10;16;17;15;11;16;15;15;7;12;15;6;7;1;3;3;2;0;2;1;0;0;0;0;0;0;0;0;0;0;0;0;0;0;0;2073
01/01/2018;1;DEUSTU                   ;106;ARANGOITI                ;43.2756822;-2.9481725;MUJERES;9;16;8;15;13;12;21;17;14;17;17;16;21;15;19;20;16;25;17;22;21;14;11;20;13;25;27;20;23;23;24;17;22;19;19;23;31;21;26;29;27;32;25;35;24;36;42;38;34;38;35;23;38;32;35;39;33;39;42;23;24;41;27;24;24;22;19;26;25;24;27;16;33;22;25;31;20;30;16;15;19;19;9;21;23;30;17;17;12;15;5;7;6;9;3;3;1;2;1;0;0;1;0;0;0;0;0;0;0;0;0;0;2139
01/01/2018;1;DEUSTU                   ;107;DISEMINADO               ;;;HOMBRES;1;0;1;0;0;0;1;0;0;0;0;0;1;0;0;0;0;2;0;0;2;0;1;1;0;2;4;2;0;0;1;0;1;2;0;0;1;0;0;2;0;1;1;1;0;1;1;1;0;1;0;1;2;0;0;2;0;0;1;1;1;0;1;0;0;0;2;0;0;2;0;1;0;1;0;0;2;0;0;0;0;0;0;0;0;0;0;0;0;0;0;0;0;0;0;0;0;0;0;0;0;0;0;0;0;0;0;0;0;0;0;0;49
01/01/2018;1;DEUSTU                   ;107;DISEMINADO               ;;;MUJERES;0;0;0;0;1;1;0;1;0;0;0;1;0;2;0;1;0;1;0;0;0;0;0;1;1;0;0;1;0;0;0;0;0;1;1;1;1;0;1;0;1;1;0;0;1;1;0;2;0;1;1;0;0;0;1;0;0;0;1;0;0;0;0;2;0;2;0;1;0;1;2;0;1;0;1;0;0;0;1;0;0;0;0;0;0;0;1;0;0;0;0;0;1;0;0;0;0;0;0;0;0;0;0;0;0;0;0;0;0;0;0;0;39
01/01/2018;2;URIBARRI                 ;201;CASTA헲S                 ;43.2673646;-2.9271587;HOMBRES;12;20;11;15;17;17;20;13;19;20;17;18;21;23;28;27;25;24;21;31;32;26;21;39;28;32;28;21;32;24;21;25;34;38;27;28;25;24;28;36;38;27;39;22;27;27;38;43;36;35;40;45;44;43;42;72;47;56;43;41;48;49;37;38;45;29;34;28;38;42;28;27;39;24;28;22;22;25;14;13;19;17;11;15;12;16;13;14;15;5;9;6;4;9;0;2;0;2;0;0;0;0;0;0;0;0;0;0;0;0;0;0;2572
01/01/2018;2;URIBARRI                 ;201;CASTA헲S                 ;43.2673646;-2.9271587;MUJERES;12;16;17;24;21;23;14;14;16;13;29;17;19;29;21;27;21;32;28;25;23;35;26;25;30;29;24;22;30;24;33;25;32;26;30;22;25;26;30;47;23;30;35;38;26;24;34;42;54;48;39;56;56;56;67;52;58;55;62;59;55;65;40;53;62;42;39;50;54;41;43;31;34;42;32;37;40;35;22;22;27;40;33;27;40;24;28;34;30;23;14;25;19;17;10;11;4;4;4;2;4;4;0;0;0;0;0;0;0;0;0;0;3159
01/01/2018;2;URIBARRI                 ;202;MATIKO                   ;43.2690276;-2.9254554;HOMBRES;12;19;20;10;18;13;17;22;19;12;19;14;22;21;33;26;35;33;27;21;19;23;22;19;22;24;27;18;27;21;26;21;35;27;28;31;45;38;40;37;35;41;33;37;45;35;41;35;43;36;46;24;42;54;44;45;40;29;42;41;35;33;36;33;36;26;28;30;26;27;20;34;17;19;18;21;20;20;7;13;13;15;12;24;17;11;12;18;9;12;10;5;3;3;3;3;1;1;0;0;0;0;0;0;0;0;0;0;0;0;0;0;2422
01/01/2018;2;URIBARRI                 ;202;MATIKO                   ;43.2690276;-2.9254554;MUJERES;16;20;21;18;15;13;22;18;17;17;20;16;12;18;21;20;31;18;22;24;14;17;24;18;24;20;29;23;43;32;23;25;16;31;30;31;38;36;33;54;47;36;42;40;34;31;36;38;45;39;48;37;47;51;37;47;46;46;37;40;38;44;43;41;40;44;34;42;37;31;28;31;39;35;35;19;30;27;21;23;26;36;31;35;30;24;21;22;23;29;12;11;14;14;12;4;1;3;3;2;2;3;0;2;0;1;0;0;0;0;0;0;2807
01/01/2018;2;URIBARRI                 ;203;CIUDAD JARDIN            ;43.271111;-2.926111;HOMBRES;2;2;5;2;3;3;3;5;4;0;2;2;3;2;2;2;2;3;4;3;7;4;5;3;2;2;2;3;2;4;5;1;2;3;3;5;6;9;3;4;6;3;5;7;8;3;6;5;9;6;7;3;3;8;6;10;6;6;4;5;5;3;4;4;6;3;1;4;1;5;3;1;2;1;1;3;1;2;1;0;3;0;4;3;1;1;0;2;0;3;2;2;1;0;0;0;0;0;1;0;0;0;0;0;0;0;0;0;0;0;0;0;319
01/01/2018;2;URIBARRI                 ;203;CIUDAD JARDIN            ;43.271111;-2.926111;MUJERES;3;2;3;4;4;0;1;2;1;2;2;2;1;3;2;2;3;2;2;4;4;6;2;2;2;1;3;0;5;1;3;2;5;2;6;5;3;4;4;6;2;7;3;5;5;1;11;3;8;13;6;6;3;6;5;5;2;5;5;5;7;5;6;3;6;4;6;4;1;5;1;6;2;3;5;1;0;5;2;0;1;5;2;4;0;0;4;5;2;0;1;2;0;0;0;0;0;0;0;0;0;0;0;0;0;0;0;0;0;0;0;0;315
01/01/2018;2;URIBARRI                 ;204;URIBARRI                 ;43.2718572;-2.9187563;HOMBRES;46;54;55;54;53;55;65;42;36;44;44;51;39;58;37;39;43;45;43;47;62;39;52;57;51;56;45;63;56;71;67;61;69;66;92;102;90;95;100;126;105;100;103;83;99;113;85;103;104;85;109;86;106;102;105;87;86;73;85;75;83;75;83;71;71;62;56;64;64;57;51;51;75;53;59;62;53;53;37;48;61;58;58;72;48;45;53;38;35;20;15;13;8;5;10;2;0;1;1;0;0;0;0;0;0;0;0;0;0;0;0;0;6035
01/01/2018;2;URIBARRI                 ;204;URIBARRI                 ;43.2718572;-2.9187563;MUJERES;45;54;48;50;49;44;34;41;61;54;45;50;48;48;42;59;46;46;64;58;49;39;35;48;38;52;66;58;56;64;65;75;65;92;78;102;95;93;93;128;102;100;110;88;109;94;107;101;94;109;91;91;104;123;94;111;94;92;91;80;87;83;89;68;67;71;64;64;87;76;53;92;106;89;81;79;84;96;62;90;69;100;77;78;77;82;54;72;50;44;44;22;28;16;11;5;7;2;3;1;1;1;0;0;0;0;1;0;0;0;0;0;6795
01/01/2018;2;URIBARRI                 ;205;ZURBARAN                 ;43.2629733;-2.9120668;HOMBRES;27;31;29;40;25;30;40;39;34;39;40;28;35;37;41;37;51;41;39;24;34;37;35;34;28;35;39;41;42;46;44;42;40;41;46;63;49;68;63;62;64;82;87;84;75;71;78;68;78;56;63;65;83;62;65;53;54;58;65;59;61;46;53;34;49;37;46;56;76;56;85;57;68;77;69;72;68;67;50;47;54;38;41;38;35;39;18;24;8;15;13;10;5;4;4;3;2;2;1;0;0;0;0;0;0;0;0;0;0;0;0;0;4494
01/01/2018;2;URIBARRI                 ;205;ZURBARAN                 ;43.2629733;-2.9120668;MUJERES;20;32;32;41;32;37;32;37;36;33;35;37;34;37;40;36;46;33;40;29;37;38;47;26;42;48;44;56;38;56;50;39;45;60;47;54;72;62;66;61;79;72;80;71;80;75;66;85;59;73;68;64;88;59;57;70;80;59;69;70;64;76;70;52;60;59;76;98;74;91;85;92;83;99;112;72;91;70;66;59;61;61;55;49;59;54;51;31;33;36;23;25;23;16;8;9;5;5;2;0;2;0;0;1;0;0;0;0;0;0;0;0;5269
01/01/2018;2;URIBARRI                 ;206;ARABELLA                 ;43.2619344;-2.9114008;HOMBRES;13;2;6;5;11;7;9;6;14;14;11;5;8;8;5;12;18;14;6;8;6;10;13;8;8;15;11;14;7;8;15;9;7;12;13;13;10;13;15;16;17;16;13;23;7;13;11;10;15;15;14;6;17;12;16;13;11;7;8;5;10;5;9;7;5;6;6;3;6;8;6;5;6;2;4;4;6;6;4;3;6;7;7;3;1;4;3;1;2;2;2;0;3;0;1;2;2;0;0;0;0;0;0;0;0;0;0;0;0;0;0;0;811
01/01/2018;2;URIBARRI                 ;206;ARABELLA                 ;43.2619344;-2.9114008;MUJERES;5;5;8;6;11;9;8;7;7;9;9;7;4;9;5;4;6;10;6;6;7;10;7;6;12;7;11;7;3;5;6;11;12;12;6;20;12;12;15;11;18;14;11;15;12;15;10;14;9;14;10;14;18;16;16;11;13;12;11;7;7;3;10;7;10;7;8;9;9;4;7;6;6;12;12;5;9;11;4;6;8;4;11;5;9;7;6;6;12;8;5;4;6;0;2;2;0;0;1;0;0;1;0;0;0;0;0;0;0;0;0;0;842
01/01/2018;2;URIBARRI                 ;207;DISEMINADO               ;;;HOMBRES;2;1;0;0;0;2;0;0;3;0;1;1;0;1;0;1;0;1;1;2;1;2;0;1;1;1;2;1;1;1;2;0;1;1;1;3;1;2;3;1;2;4;1;3;6;4;4;2;3;0;2;2;3;2;5;2;4;0;2;0;4;1;3;2;1;1;0;5;5;3;0;2;1;5;1;7;4;2;0;1;3;2;2;0;1;1;0;2;1;0;2;2;0;1;0;0;0;0;0;0;0;0;0;0;0;0;0;0;0;0;0;0;158
01/01/2018;2;URIBARRI                 ;207;DISEMINADO               ;;;MUJERES;0;2;0;2;0;0;2;1;0;1;1;1;1;0;0;2;0;4;1;0;0;1;0;0;2;0;2;1;0;0;2;1;1;2;2;4;0;3;2;1;3;2;1;3;3;0;1;0;1;1;1;0;2;2;4;4;1;4;2;0;1;5;2;1;3;2;2;3;4;5;2;2;3;2;1;1;4;2;5;0;3;2;5;0;2;3;3;3;8;6;4;5;2;6;3;4;2;1;1;2;0;0;1;0;0;0;0;0;0;0;0;0;193
01/01/2018;3;OTXARKOAGA-TXURDINAGA    ;301;OTXARKOAGA               ;43.2594111;-2.8976834;HOMBRES;56;48;50;52;40;47;34;61;54;46;64;44;44;44;47;42;66;50;50;53;51;57;46;52;53;47;54;60;66;58;75;77;66;64;88;61;77;93;86;80;76;72;55;57;79;73;67;78;80;66;80;72;72;91;86;85;91;89;83;68;96;71;73;62;65;62;41;33;46;26;32;33;31;28;28;19;18;20;26;21;21;19;34;35;30;38;20;32;24;14;9;7;9;6;3;2;0;1;1;0;1;0;0;0;0;0;0;0;0;0;0;0;4960
01/01/2018;3;OTXARKOAGA-TXURDINAGA    ;301;OTXARKOAGA               ;43.2594111;-2.8976834;MUJERES;49;40;38;56;47;39;43;42;44;65;39;38;43;45;43;37;31;42;33;41;49;42;43;31;44;52;60;51;61;59;59;66;61;72;71;45;75;72;76;85;54;60;68;63;61;78;63;83;57;69;78;87;69;75;89;71;88;94;87;88;87;74;61;53;36;61;40;36;45;43;34;35;27;35;27;31;33;34;41;45;62;53;63;71;61;76;53;54;47;32;29;27;14;9;7;7;5;6;3;2;0;0;1;0;0;2;0;0;0;0;0;0;5073
01/01/2018;3;OTXARKOAGA-TXURDINAGA    ;302;TXURDINAGA               ;43.2553665;-2.9029723;HOMBRES;22;48;50;46;36;45;44;49;54;48;63;64;73;73;78;82;78;90;102;89;112;84;77;85;70;95;72;104;77;74;66;74;86;79;77;70;87;65;83;83;106;79;78;87;69;82;106;114;124;123;115;129;172;168;170;195;174;152;144;122;148;158;134;122;120;112;110;100;82;110;72;71;76;58;65;47;40;57;45;37;44;38;39;39;23;24;29;22;10;14;7;11;10;7;3;5;1;2;1;0;0;1;0;0;0;0;0;0;0;0;0;0;7457
01/01/2018;3;OTXARKOAGA-TXURDINAGA    ;302;TXURDINAGA               ;43.2553665;-2.9029723;MUJERES;41;42;37;46;49;49;52;52;51;54;56;70;66;65;65;93;95;77;74;94;89;74;75;84;106;67;76;77;76;61;69;61;71;67;60;60;68;76;85;75;74;91;78;105;78;97;114;134;125;157;183;162;205;187;176;184;158;161;180;178;181;174;122;149;138;116;91;120;111;101;80;85;97;81;88;70;58;63;43;59;58;49;62;64;75;66;46;40;47;42;37;24;19;22;23;17;10;8;7;1;0;4;3;0;0;0;0;0;0;0;0;0;8283
01/01/2018;3;OTXARKOAGA-TXURDINAGA    ;303;DISEMINADO               ;;;HOMBRES;0;0;0;0;0;0;0;0;0;0;0;0;0;0;0;0;1;0;0;1;0;1;0;0;0;0;0;1;0;0;0;0;0;0;0;0;0;0;0;1;0;1;2;0;0;0;0;1;2;3;1;0;0;0;1;1;0;1;2;2;3;1;0;1;0;0;0;0;1;0;0;1;1;0;1;1;1;0;2;0;1;0;0;0;1;0;2;0;0;0;0;0;0;1;0;0;1;0;0;0;0;0;0;0;0;0;0;0;0;0;0;0;41
01/01/2018;3;OTXARKOAGA-TXURDINAGA    ;303;DISEMINADO               ;;;MUJERES;0;0;0;1;0;0;0;0;0;0;0;0;0;1;0;1;0;0;0;0;0;0;0;0;0;0;0;1;0;2;0;1;0;0;0;0;0;0;0;1;1;1;1;0;0;0;0;0;1;1;3;1;0;1;2;0;0;2;1;0;0;1;1;1;0;0;0;0;1;1;0;0;1;0;0;3;0;1;1;4;1;0;1;2;0;1;0;2;1;0;1;0;1;1;0;0;0;0;0;0;0;0;0;0;0;0;0;0;1;0;0;0;50
01/01/2018;4;BEGO헤                   ;401;BEGO헤                   ;43.258889;-2.916111;HOMBRES;11;14;17;15;13;16;16;22;15;14;18;19;13;12;23;15;18;14;23;22;17;13;13;16;21;16;18;23;18;17;26;32;23;32;27;30;21;28;27;42;30;37;36;28;25;28;35;16;32;17;29;32;36;34;44;22;29;17;36;32;38;34;35;24;32;32;24;29;52;43;47;44;45;48;35;32;21;33;14;24;22;18;20;16;22;15;15;9;8;9;9;6;3;0;4;4;1;0;0;0;0;0;0;0;0;0;0;0;0;0;0;0;2252
01/01/2018;4;BEGO헤                   ;401;BEGO헤                   ;43.258889;-2.916111;MUJERES;20;12;12;20;12;16;14;21;14;19;12;13;20;15;20;18;14;13;14;4;16;11;14;13;20;17;18;20;28;33;20;22;23;17;27;26;28;21;30;27;32;31;29;25;31;25;39;24;27;33;23;28;36;37;37;36;34;35;39;47;36;47;33;44;35;51;43;45;50;68;72;51;48;46;36;35;27;34;27;30;31;27;33;16;28;20;22;15;15;9;10;9;11;7;6;2;4;0;0;0;3;0;0;0;0;0;0;0;0;0;0;0;2508
01/01/2018;4;BEGO헤                   ;402;SANTUTXU                 ;43.254167;-2.911667;HOMBRES;93;115;111;123;101;90;124;123;134;138;132;125;134;106;102;107;105;113;100;133;124;105;120;124;138;114;158;130;162;140;143;145;160;172;172;159;185;187;238;226;202;228;257;265;222;250;236;245;235;235;257;225;236;230;252;234;211;202;199;202;209;177;158;178;157;172;167;153;176;183;169;155;184;194;196;176;138;169;135;136;137;137;181;137;137;102;112;62;67;58;40;21;17;12;11;5;4;4;0;3;0;0;0;1;0;0;0;0;0;0;0;0;14664
01/01/2018;4;BEGO헤                   ;402;SANTUTXU                 ;43.254167;-2.911667;MUJERES;85;120;109;102;108;132;108;130;126;114;121;107;113;115;90;116;99;100;107;118;108;117;110;123;128;129;136;123;151;157;163;148;157;181;190;175;194;192;211;222;247;248;240;253;240;238;257;263;240;261;284;258;250;286;234;249;273;229;235;230;207;205;204;176;176;216;207;203;211;255;228;253;281;261;249;248;218;228;179;179;227;245;197;184;205;164;157;150;130;109;85;75;49;36;34;29;20;12;3;4;2;0;0;1;1;0;0;0;0;0;0;0;16853
01/01/2018;4;BEGO헤                   ;403;BOLUETA                  ;43.2483756;-2.9048963;HOMBRES;16;18;23;13;19;15;15;21;14;25;18;22;14;8;20;12;15;16;12;12;22;13;15;21;15;16;15;23;31;33;17;28;22;33;30;38;32;28;37;39;30;32;54;50;33;26;32;33;38;31;42;25;24;21;26;38;36;26;26;30;27;26;29;29;20;19;23;23;25;22;30;22;24;30;17;19;16;23;18;16;8;15;10;9;10;5;4;6;6;5;2;1;2;1;2;1;0;0;0;0;0;0;0;0;0;0;0;0;0;0;0;0;2034
01/01/2018;4;BEGO헤                   ;403;BOLUETA                  ;43.2483756;-2.9048963;MUJERES;15;18;18;16;19;17;20;14;13;12;24;15;24;14;16;15;20;18;13;16;16;16;15;18;28;24;32;14;23;14;33;27;30;27;29;21;31;21;36;46;51;32;27;32;30;31;38;34;35;31;37;29;30;23;34;38;42;28;45;22;32;25;24;33;37;32;19;33;28;28;32;34;45;28;21;26;17;18;10;17;8;19;17;20;20;17;12;9;5;10;4;8;5;6;3;1;1;0;0;0;0;0;0;0;0;0;0;0;0;0;0;0;2211
01/01/2018;5;IBAIONDO                 ;501;CASCO VIEJO              ;43.257222;-2.923889;HOMBRES;30;38;22;37;35;40;28;29;34;31;33;30;25;42;35;30;33;33;28;34;32;33;35;29;19;44;31;31;38;45;46;44;47;58;51;53;66;61;46;83;77;60;76;91;69;62;77;48;59;75;80;66;78;62;58;51;62;49;61;53;51;38;50;44;32;50;25;34;34;28;13;22;18;20;13;16;14;19;13;9;5;7;13;14;11;6;8;9;5;2;2;2;2;1;3;1;0;0;0;1;0;1;0;1;0;0;0;0;0;0;0;0;3490
01/01/2018;5;IBAIONDO                 ;501;CASCO VIEJO              ;43.257222;-2.923889;MUJERES;23;27;22;29;28;23;28;34;23;28;32;35;27;33;36;34;29;33;32;25;22;26;32;29;24;30;50;38;38;41;48;40;50;48;68;57;74;78;76;57;66;55;72;85;59;80;76;69;77;63;65;76;74;53;61;74;65;61;63;57;72;44;54;50;43;40;40;30;36;33;27;37;36;19;27;20;14;22;12;20;28;31;22;25;28;28;26;15;18;16;19;15;11;10;7;4;7;5;0;2;0;2;0;0;0;0;0;0;0;0;0;0;3853
01/01/2018;5;IBAIONDO                 ;502;ITURRALDE                ;43.2574127;-2.9175782;HOMBRES;30;16;27;19;27;19;27;26;24;28;24;33;24;34;23;22;32;28;23;27;31;11;22;20;23;31;27;28;24;29;33;46;49;39;35;46;52;56;49;45;49;64;48;49;49;56;47;51;46;30;47;58;47;48;53;53;30;35;46;27;36;43;39;33;35;35;25;37;34;26;27;22;22;27;21;17;17;17;13;9;14;20;19;13;14;12;17;8;6;8;8;0;6;3;2;2;1;1;0;2;0;0;0;0;0;0;0;0;0;0;0;0;2833
01/01/2018;5;IBAIONDO                 ;502;ITURRALDE                ;43.2574127;-2.9175782;MUJERES;18;26;21;23;26;17;30;18;22;35;33;26;22;17;15;20;21;22;24;23;23;21;24;32;32;17;16;29;32;40;39;42;38;39;45;46;47;50;51;44;51;55;55;45;45;45;58;52;36;51;44;54;47;46;41;36;40;59;44;52;55;51;38;42;41;44;33;26;32;34;31;34;33;32;30;26;24;20;21;22;20;23;31;31;32;26;19;19;21;17;10;7;5;14;8;6;2;2;0;2;1;1;0;0;0;0;0;0;0;0;0;0;3088
01/01/2018;5;IBAIONDO                 ;503;SOLOKOETXE               ;43.2563227;-2.9196503;HOMBRES;18;14;23;22;18;22;25;16;13;22;21;25;15;28;15;31;20;13;36;14;29;26;23;28;23;16;31;33;28;27;30;35;31;27;41;47;32;46;35;42;53;44;40;52;37;40;37;49;38;50;36;45;45;53;49;46;32;47;40;41;29;34;39;31;41;36;29;30;28;23;22;21;19;28;12;13;18;21;13;17;10;12;11;11;19;16;12;7;10;9;3;5;6;1;1;1;2;1;0;1;0;0;0;0;0;0;0;0;0;0;0;0;2557
01/01/2018;5;IBAIONDO                 ;503;SOLOKOETXE               ;43.2563227;-2.9196503;MUJERES;16;24;9;24;14;18;15;11;18;22;15;18;28;27;23;16;20;21;18;18;23;25;15;24;26;22;22;36;27;35;23;42;30;38;33;25;30;22;37;41;40;46;46;39;40;35;35;43;36;43;43;40;47;48;45;57;50;50;38;41;48;33;38;53;40;26;27;38;36;37;27;29;36;29;29;19;18;34;24;24;20;30;23;29;28;22;28;26;24;16;26;15;9;8;12;5;2;1;1;0;1;0;0;1;0;0;0;0;0;0;0;0;2785
01/01/2018;5;IBAIONDO                 ;504;ATXURI                   ;43.2538418;-2.9216348;HOMBRES;14;17;27;33;36;25;32;27;24;26;27;27;22;25;19;17;25;19;23;17;35;23;21;16;29;20;21;17;18;14;32;27;39;37;34;56;52;59;47;75;55;57;64;60;46;52;66;42;54;51;44;34;39;42;34;29;37;39;33;33;22;24;25;32;20;16;17;19;22;18;22;9;28;26;25;17;18;14;17;20;20;17;15;13;22;17;8;3;8;5;3;3;7;1;1;0;0;2;1;0;0;1;0;0;0;0;0;0;0;0;0;0;2623
01/01/2018;5;IBAIONDO                 ;504;ATXURI                   ;43.2538418;-2.9216348;MUJERES;26;19;26;30;20;25;26;21;22;33;30;19;17;18;17;17;14;22;21;19;18;26;22;20;15;23;31;22;27;28;27;35;28;39;44;39;40;43;58;54;56;67;45;57;56;50;46;54;40;51;38;47;38;45;43;44;39;39;34;36;40;21;34;24;17;26;23;21;32;31;28;27;37;20;39;30;31;32;17;23;25;44;34;25;26;30;27;17;14;15;13;14;10;17;4;1;3;2;2;3;0;1;0;1;0;0;0;0;0;0;0;0;2887
01/01/2018;5;IBAIONDO                 ;505;LA PE헤                  ;43.2452502;-2.924654;HOMBRES;30;28;31;25;29;36;32;36;52;41;30;37;44;40;28;45;27;39;29;33;27;29;21;29;35;27;34;32;33;42;30;35;51;40;44;40;51;67;74;62;56;56;59;73;65;69;80;75;75;60;70;71;62;58;43;48;55;47;59;44;43;32;36;41;27;28;36;46;40;58;48;36;43;30;38;27;22;26;15;20;26;11;12;20;17;14;13;8;9;4;4;2;4;2;1;0;0;0;0;0;0;0;0;0;0;0;0;0;0;0;0;0;3559
01/01/2018;5;IBAIONDO                 ;505;LA PE헤                  ;43.2452502;-2.924654;MUJERES;27;30;31;24;37;37;46;30;25;39;27;37;42;36;28;33;40;25;29;16;26;30;33;26;36;29;28;25;32;22;42;24;42;47;35;48;47;59;59;59;46;63;90;68;75;66;69;75;48;67;63;70;73;54;50;55;54;43;49;41;47;51;58;43;45;51;44;56;44;63;49;44;53;40;37;37;28;45;27;27;31;23;31;27;35;24;32;19;16;20;12;11;12;7;5;2;0;1;0;2;1;0;0;0;0;0;0;0;0;0;0;0;3807
01/01/2018;5;IBAIONDO                 ;506;BILBAO LA VIEJA          ;43.2533236;-2.924254;HOMBRES;26;22;21;23;25;35;22;22;29;19;21;18;13;11;20;13;14;15;18;18;25;22;16;21;19;24;21;16;22;31;22;27;31;27;29;41;32;63;63;59;63;74;55;43;38;46;42;40;46;49;25;29;21;33;31;31;30;25;22;22;20;12;24;12;20;13;11;11;13;15;8;8;8;7;12;5;4;5;7;4;5;6;8;3;5;5;3;4;2;4;2;1;0;0;2;0;0;0;0;0;1;0;0;0;0;0;0;0;0;0;0;0;2051
01/01/2018;5;IBAIONDO                 ;506;BILBAO LA VIEJA          ;43.2533236;-2.924254;MUJERES;22;18;25;31;31;26;24;15;25;21;12;12;20;19;9;13;13;16;12;16;18;11;16;14;16;18;16;17;18;26;19;18;21;29;30;45;51;47;54;61;48;49;52;57;30;42;34;41;37;30;35;31;29;29;26;25;30;28;28;20;25;13;18;17;16;19;13;14;11;11;17;13;11;9;12;8;12;11;5;7;11;12;7;11;17;15;9;10;5;2;10;4;1;1;2;3;1;0;0;0;0;0;0;0;0;0;0;0;0;0;0;0;2009
01/01/2018;5;IBAIONDO                 ;507;SAN FRANCISCO            ;43.2572564;-2.9292834;HOMBRES;32;25;25;20;27;35;20;22;21;31;27;28;18;26;22;24;18;32;33;41;35;48;38;40;41;46;44;42;57;65;35;67;66;59;69;80;77;93;85;93;71;82;91;92;80;83;71;81;55;76;65;50;62;64;48;49;63;53;47;47;32;38;37;43;29;36;30;24;31;23;17;17;21;22;15;13;13;8;9;13;10;6;12;11;11;12;11;5;6;2;2;0;3;3;0;0;0;1;1;0;0;0;0;0;0;0;0;0;0;0;0;0;3604
01/01/2018;5;IBAIONDO                 ;507;SAN FRANCISCO            ;43.2572564;-2.9292834;MUJERES;24;37;26;30;18;25;29;29;25;24;22;31;15;27;24;28;15;26;22;24;32;29;24;39;36;38;43;40;42;46;54;46;61;66;66;76;56;71;56;75;77;66;72;81;49;54;53;54;58;46;56;46;38;60;44;45;51;38;50;40;33;39;38;31;31;32;23;23;19;23;21;23;25;20;22;19;28;12;18;11;12;22;15;16;17;22;17;13;12;12;11;5;7;11;5;7;4;2;2;2;0;0;0;0;1;1;0;0;0;0;0;0;3282
01/01/2018;5;IBAIONDO                 ;508;ZABALA                   ;43.253457;-2.9328602;HOMBRES;27;26;35;17;21;26;25;22;31;25;35;22;26;25;20;22;31;24;20;17;13;17;20;23;20;21;31;33;30;31;29;34;36;40;42;39;48;56;47;39;60;40;43;55;45;48;47;50;36;51;28;25;45;42;34;32;37;23;40;41;33;30;22;27;20;17;16;25;23;20;16;16;17;19;11;19;13;12;6;12;9;12;13;14;14;12;13;12;10;10;7;6;4;4;1;4;0;0;0;0;0;0;1;0;0;0;0;0;0;0;0;0;2488
01/01/2018;5;IBAIONDO                 ;508;ZABALA                   ;43.253457;-2.9328602;MUJERES;12;18;20;36;30;19;30;32;29;31;24;14;18;18;19;21;12;18;28;13;19;21;16;16;25;25;31;33;23;37;32;28;32;37;34;37;39;46;34;53;51;41;48;37;36;45;35;41;33;35;40;31;36;43;34;32;28;47;32;40;37;28;34;21;30;24;25;22;31;22;21;19;25;23;27;22;16;25;15;15;18;28;27;21;30;33;21;22;34;16;15;21;14;11;11;10;4;3;3;0;2;0;0;0;0;0;0;0;0;0;0;0;2651
01/01/2018;5;IBAIONDO                 ;509;SAN ADRIAN               ;43.2472207;-2.9304104;HOMBRES;24;17;20;18;23;22;26;20;15;22;18;31;24;33;26;29;33;36;31;32;30;33;37;32;26;36;33;41;35;32;34;34;24;26;29;24;32;23;28;34;35;37;32;36;37;24;38;46;32;35;37;34;48;48;53;54;49;54;48;57;68;57;43;33;31;29;30;36;24;29;26;23;28;16;18;21;19;20;12;11;11;15;14;12;20;9;9;8;9;7;7;5;5;2;4;2;3;1;0;0;0;0;0;0;0;0;0;0;0;0;0;0;2674
01/01/2018;5;IBAIONDO                 ;509;SAN ADRIAN               ;43.2472207;-2.9304104;MUJERES;11;16;17;23;13;26;19;16;20;22;29;11;32;27;30;30;31;24;23;19;30;27;33;34;31;29;35;27;37;34;41;15;24;20;30;29;32;24;31;35;33;39;44;41;34;32;45;41;56;46;52;48;47;52;57;43;72;59;65;69;46;54;38;35;48;40;42;23;25;29;31;33;35;21;22;22;25;20;23;19;20;25;15;27;19;22;20;16;18;21;17;17;16;4;4;6;7;2;1;0;2;0;0;0;0;0;0;0;0;0;0;0;2922
01/01/2018;5;IBAIONDO                 ;510;DISEMINADO               ;;;HOMBRES;0;0;2;2;0;0;0;1;1;5;1;2;3;1;2;1;2;1;2;2;2;1;1;0;1;2;1;0;0;1;0;4;4;1;1;0;0;2;6;2;0;2;1;3;5;2;3;4;2;3;1;5;0;1;1;6;3;4;1;4;5;2;0;1;1;2;1;1;0;2;2;1;2;1;0;0;0;0;1;0;2;0;0;1;1;1;1;0;0;0;0;0;0;0;0;0;0;0;0;0;0;0;0;0;0;0;0;0;0;0;0;0;136
01/01/2018;5;IBAIONDO                 ;510;DISEMINADO               ;;;MUJERES;0;2;0;1;1;1;1;0;1;1;1;1;0;0;1;1;1;1;0;0;1;2;1;4;0;2;2;1;0;0;0;0;0;4;1;0;0;2;1;6;2;2;1;2;0;3;2;2;1;3;3;2;0;3;3;0;2;12;1;0;4;2;1;3;1;1;0;2;0;0;3;1;0;0;0;2;2;2;0;0;0;1;0;3;1;1;1;1;1;0;1;1;1;0;0;0;0;0;0;0;0;0;0;0;0;0;0;0;0;0;0;0;121
01/01/2018;5;IBAIONDO                 ;511;MIRIBILLA                ;43.2511332;-2.9286928;HOMBRES;52;47;65;76;80;95;105;97;116;109;107;74;68;51;31;38;26;26;17;23;28;17;22;17;22;17;24;10;27;33;28;42;31;44;40;61;64;59;84;101;144;166;171;199;173;137;143;127;110;79;79;74;63;62;56;54;25;49;49;32;37;30;25;16;15;18;17;27;16;8;19;13;18;16;10;13;7;11;3;6;2;3;5;3;3;8;6;6;2;2;2;2;0;1;0;1;1;0;1;0;0;0;0;0;0;0;0;0;0;0;0;0;4439
01/01/2018;5;IBAIONDO                 ;511;MIRIBILLA                ;43.2511332;-2.9286928;MUJERES;48;74;57;78;62;98;103;90;109;86;91;62;55;58;45;35;18;33;19;20;32;21;12;19;15;19;21;22;22;30;49;44;49;38;53;60;68;90;84;126;161;176;162;183;157;143;116;106;75;73;68;57;61;58;50;48;50;36;44;33;25;27;21;15;21;13;21;16;10;14;12;16;19;9;11;9;6;7;9;4;4;14;8;12;6;7;4;13;7;9;7;6;5;5;2;3;0;1;2;0;1;0;0;0;0;0;0;0;0;0;0;0;4373
01/01/2018;6;ABANDO                   ;601;ABANDO                   ;43.2627882;-2.9349465;HOMBRES;86;87;98;115;81;107;84;111;93;103;107;89;112;102;120;125;123;122;117;106;94;94;111;110;111;104;125;111;114;132;128;108;136;114;141;135;121;149;133;145;130;168;152;157;145;170;151;176;167;152;194;162;166;195;188;187;177;171;226;168;176;175;158;145;154;145;143;145;147;140;137;106;99;106;109;90;67;79;48;50;66;72;72;91;75;52;66;49;39;32;28;13;13;7;6;4;3;6;0;0;1;1;0;2;0;0;0;0;0;0;0;0;11023
01/01/2018;6;ABANDO                   ;601;ABANDO                   ;43.2627882;-2.9349465;MUJERES;72;98;87;68;92;96;69;105;101;104;104;110;121;118;113;101;96;93;109;95;94;111;113;97;109;117;109;106;150;125;130;158;148;125;132;153;127;166;180;153;161;181;171;200;172;171;189;203;170;195;193;194;178;216;226;217;187;261;209;205;207;223;210;178;185;199;196;185;164;147;131;143;143;157;141;98;130;103;92;111;108;128;124;124;108;101;98;110;94;94;78;74;51;42;45;30;25;18;7;7;6;1;1;1;0;0;0;0;0;0;0;0;13072
01/01/2018;6;ABANDO                   ;602;INDAUTXU                 ;43.2632805;-2.9411757;HOMBRES;95;97;94;100;101;89;119;127;114;111;103;126;115;126;130;140;130;126;126;107;123;132;126;143;120;125;123;123;124;134;122;119;131;117;128;147;139;169;150;170;149;152;150;178;179;163;158;183;186;182;184;208;206;196;235;212;216;191;194;187;185;174;143;170;150;138;190;143;128;146;127;144;127;111;113;93;107;86;68;78;75;90;83;104;78;78;78;67;58;61;42;25;28;23;22;9;6;2;5;0;2;1;0;1;1;0;0;0;0;0;0;0;12210
01/01/2018;6;ABANDO                   ;602;INDAUTXU                 ;43.2632805;-2.9411757;MUJERES;77;83;91;104;113;82;126;102;105;107;113;108;102;106;131;128;115;118;125;113;123;136;127;118;135;146;160;130;118;132;142;145;137;143;142;173;158;167;167;174;186;168;185;221;207;214;234;189;205;199;228;239;224;248;253;234;252;248;244;232;252;225;215;227;195;196;186;177;199;191;183;191;200;195;163;172;147;151;145;137;136;197;161;179;163;187;151;151;133;136;111;96;81;55;55;44;35;23;17;10;6;4;1;3;1;0;0;0;0;1;0;1;15317
01/01/2018;7;ERREKALDE                ;701;AMETZOLA                 ;43.2545365;-2.9431329;HOMBRES;43;41;36;52;43;48;53;41;47;53;48;50;41;62;40;56;39;46;53;50;54;64;61;55;60;50;80;62;71;75;67;107;60;66;64;77;72;80;78;69;77;108;92;83;74;81;89;66;85;91;83;78;92;99;84;107;92;103;79;104;93;80;67;61;46;53;67;50;53;74;51;50;56;54;51;41;38;32;26;31;37;51;39;35;35;44;22;28;25;24;23;10;8;5;11;4;2;2;2;0;1;0;1;1;1;0;0;0;0;0;0;0;5566
01/01/2018;7;ERREKALDE                ;701;AMETZOLA                 ;43.2545365;-2.9431329;MUJERES;41;44;45;41;38;48;49;38;40;62;41;44;56;42;52;49;44;46;55;73;63;62;56;61;74;74;55;70;70;69;78;82;81;60;65;80;86;92;73;76;71;101;70;99;90;99;95;86;80;77;117;118;117;118;120;108;110;133;98;112;120;95;85;74;76;86;61;77;82;80;82;84;84;80;71;70;56;67;66;53;63;70;62;81;62;71;79;65;51;60;44;34;25;34;17;14;6;5;2;2;1;2;0;0;0;1;1;0;0;0;0;0;6795
01/01/2018;7;ERREKALDE                ;702;IRALABARRI               ;43.2545089;-2.9360984;HOMBRES;35;45;37;49;50;44;54;53;55;58;47;48;48;62;53;45;54;45;55;61;59;67;46;57;60;63;58;64;70;59;73;78;80;87;70;68;101;88;67;102;101;96;87;104;96;110;89;82;96;100;98;104;96;110;95;101;84;110;84;82;81;76;73;68;64;57;56;40;54;47;44;59;36;39;34;32;34;44;31;31;38;39;51;36;31;35;23;28;18;26;12;12;5;5;1;0;7;0;2;0;0;0;0;0;0;0;0;0;0;0;0;1;5710
01/01/2018;7;ERREKALDE                ;702;IRALABARRI               ;43.2545089;-2.9360984;MUJERES;47;50;43;52;63;39;53;56;56;66;49;41;53;49;53;60;48;49;43;46;46;47;50;65;54;61;59;51;80;67;84;70;75;67;67;71;88;68;85;104;105;107;93;109;95;101;84;82;103;95;107;126;120;105;99;111;126;112;129;91;75;82;63;57;90;67;62;66;58;70;53;59;62;77;71;53;51;68;42;46;72;72;79;70;72;79;44;44;30;29;35;22;14;14;14;12;5;2;5;6;1;0;2;0;1;0;0;0;0;0;0;0;6471
01/01/2018;7;ERREKALDE                ;703;ERREKALDEBERRI           ;43.2511027;-2.946724;HOMBRES;64;61;75;77;57;62;74;83;68;65;76;77;97;94;86;74;64;73;73;65;69;74;70;62;75;90;63;66;75;75;65;81;104;111;89;110;107;113;124;114;151;143;128;154;128;148;155;149;117;158;156;157;150;137;160;139;123;118;138;117;121;74;81;71;87;59;62;92;70;77;63;61;67;70;52;61;38;59;25;48;53;56;55;53;62;45;44;54;33;35;33;12;12;4;6;5;2;1;0;0;0;2;0;0;0;0;0;0;0;0;0;0;7933
01/01/2018;7;ERREKALDE                ;703;ERREKALDEBERRI           ;43.2511027;-2.946724;MUJERES;47;60;62;75;73;63;60;61;58;86;80;79;69;66;70;71;53;66;69;59;73;61;56;81;67;49;88;77;69;72;80;79;106;98;76;123;114;117;115;139;142;123;143;151;140;153;151;143;132;123;149;133;147;146;145;142;135;121;129;111;107;88;74;79;89;80;86;75;85;85;71;80;86;92;80;65;83;84;64;70;78;111;98;92;80;88;85;83;73;49;29;43;22;20;10;8;6;4;0;1;2;1;1;1;2;0;1;0;0;0;0;0;8437
01/01/2018;7;ERREKALDE                ;704;LARRASKITU               ;43.2464442;-2.9270446;HOMBRES;19;19;12;16;12;12;15;17;14;14;15;17;9;18;9;15;13;13;15;7;12;11;21;20;10;13;13;14;16;10;15;14;25;22;25;32;28;29;33;28;23;38;32;22;32;23;34;18;16;26;21;16;28;18;35;31;21;14;14;19;19;12;19;14;10;13;9;9;16;7;12;6;10;11;8;12;10;10;3;10;14;9;13;9;10;10;7;13;8;2;8;1;5;1;2;0;0;0;0;0;0;0;0;0;0;0;0;0;0;0;0;0;1485
01/01/2018;7;ERREKALDE                ;704;LARRASKITU               ;43.2464442;-2.9270446;MUJERES;16;10;9;13;13;8;18;12;13;16;11;7;10;15;9;10;8;12;10;12;17;12;8;10;14;9;13;18;15;15;15;21;25;19;29;23;25;28;24;24;24;34;34;22;22;21;22;16;26;20;25;25;21;26;19;23;14;24;15;20;17;19;13;10;16;5;9;9;13;9;8;14;17;11;12;11;4;12;19;13;18;13;18;19;21;22;19;12;6;6;7;7;10;9;3;2;1;3;0;0;0;0;0;0;0;0;0;0;0;0;0;0;1486
01/01/2018;7;ERREKALDE                ;705;URETAMENDI               ;43.2480206;-2.9494926;HOMBRES;11;9;10;6;12;11;8;10;10;12;6;8;9;17;10;10;14;15;15;10;11;11;10;7;14;9;12;12;18;9;9;9;21;23;22;17;16;20;25;24;22;24;30;34;22;28;23;16;22;20;27;26;31;22;27;14;21;19;14;18;13;16;13;9;11;15;11;8;10;8;9;14;13;12;10;11;10;20;8;4;9;12;11;9;5;9;2;4;0;2;3;1;1;0;0;0;0;0;0;0;0;0;0;0;0;0;0;0;0;0;0;0;1265
01/01/2018;7;ERREKALDE                ;705;URETAMENDI               ;43.2480206;-2.9494926;MUJERES;4;7;8;4;11;9;7;6;4;14;9;11;3;15;11;7;9;2;7;6;13;8;8;14;7;7;10;11;7;15;8;14;19;14;16;18;17;27;13;20;21;24;21;19;22;22;21;21;20;19;18;26;14;26;23;13;13;10;17;9;13;22;16;14;16;14;7;6;12;18;17;13;16;23;10;16;15;15;12;9;10;15;13;17;13;7;6;5;5;6;10;4;4;2;3;2;0;0;0;1;0;0;0;0;0;0;0;0;0;0;0;0;1206
01/01/2018;7;ERREKALDE                ;706;ITURRIGORRI-PE헤SCAL     ;43.2401785;-2.9498749;HOMBRES;13;2;8;11;5;5;5;8;11;9;6;6;7;9;5;6;11;7;27;36;17;12;13;13;12;8;6;11;14;7;12;5;12;11;14;7;16;21;18;21;13;21;16;12;20;9;20;23;18;13;23;12;12;24;17;16;12;16;16;9;16;15;10;14;13;7;9;6;4;8;6;4;6;4;5;5;3;5;4;3;4;7;6;3;7;1;1;2;2;0;1;1;1;0;1;0;0;1;0;0;0;0;0;0;0;0;0;0;0;0;0;0;954
01/01/2018;7;ERREKALDE                ;706;ITURRIGORRI-PE헤SCAL     ;43.2401785;-2.9498749;MUJERES;7;7;2;10;6;7;9;5;14;3;8;7;11;4;10;9;8;7;7;11;6;7;8;8;13;10;7;10;12;5;10;4;5;6;10;10;15;18;14;14;10;16;11;17;9;15;13;14;16;16;18;17;17;14;16;16;9;8;13;11;16;14;8;12;7;8;3;8;11;12;4;5;7;17;8;9;7;9;9;1;6;10;8;5;11;6;8;2;7;2;2;4;1;0;2;0;0;1;0;0;0;0;0;0;0;0;0;0;0;0;0;0;870
01/01/2018;7;ERREKALDE                ;707;DISEMINADO               ;;;HOMBRES;0;0;0;1;0;0;0;0;0;0;3;0;0;0;0;0;0;0;0;0;3;1;0;0;0;0;0;0;0;0;0;1;0;0;0;0;0;0;1;2;1;0;0;0;0;2;0;2;1;0;2;1;2;0;0;0;0;0;2;0;1;0;1;0;1;1;1;0;0;1;0;0;0;1;2;0;0;0;1;0;0;1;0;0;0;0;0;0;0;0;0;0;0;0;0;0;0;0;0;0;0;0;0;0;0;0;0;0;0;0;0;0;36
01/01/2018;7;ERREKALDE                ;707;DISEMINADO               ;;;MUJERES;0;0;0;1;0;0;0;1;0;0;1;0;0;1;2;0;0;1;0;0;0;0;0;0;0;0;0;0;0;0;1;0;0;0;0;0;0;2;0;0;0;0;1;0;2;1;1;1;0;0;1;0;0;0;0;0;2;0;1;0;0;1;0;0;1;0;1;0;0;1;1;0;0;0;0;1;1;0;0;0;0;0;0;1;0;1;0;0;0;0;0;0;0;0;0;1;0;0;0;0;0;0;0;0;0;0;0;0;0;0;0;0;30
01/01/2018;8;BASURTU-ZORROTZA         ;801;BASURTU                  ;43.268056;-2.965556;HOMBRES;63;64;45;53;52;53;30;38;21;46;35;53;43;49;58;39;47;61;42;40;44;55;49;75;63;64;69;61;84;77;86;112;117;131;126;130;122;112;99;97;96;88;96;87;97;81;75;86;81;96;85;98;86;110;87;81;94;113;110;93;134;113;106;105;89;95;75;88;78;84;79;69;65;61;50;47;54;49;28;49;66;40;47;48;33;32;38;38;30;18;20;11;9;6;12;7;6;2;2;1;0;0;0;0;0;0;0;0;0;0;0;0;6529
01/01/2018;8;BASURTU-ZORROTZA         ;801;BASURTU                  ;43.268056;-2.965556;MUJERES;73;69;62;50;41;40;50;45;43;41;45;48;45;45;63;37;35;43;46;44;58;58;62;63;77;92;72;64;85;94;116;127;141;125;128;105;129;92;111;114;93;87;90;77;96;82;78;95;82;104;72;99;121;110;122;121;141;131;131;145;145;141;125;132;114;97;113;88;84;97;86;85;108;77;83;65;64;81;53;46;93;90;72;80;85;87;89;69;51;53;46;50;34;35;25;16;16;10;5;4;4;1;1;1;0;2;0;0;0;0;0;0;7858
01/01/2018;8;BASURTU-ZORROTZA         ;802;OLABEAGA                 ;43.2641894;-2.9552744;HOMBRES;2;5;2;5;3;2;7;3;6;3;6;3;5;4;1;5;7;4;3;5;5;3;3;3;6;7;10;4;6;1;6;10;4;11;11;12;12;11;9;14;15;17;16;18;12;10;12;13;10;16;8;9;14;9;13;7;8;9;9;7;10;9;4;6;5;5;5;4;4;3;6;3;9;8;4;3;5;4;2;2;3;3;1;2;3;1;1;2;1;4;0;0;0;0;0;1;1;0;0;0;0;0;0;0;0;0;0;0;0;0;0;0;585
01/01/2018;8;BASURTU-ZORROTZA         ;802;OLABEAGA                 ;43.2641894;-2.9552744;MUJERES;5;6;4;1;7;8;5;1;8;10;2;4;5;6;0;3;1;2;2;2;2;1;3;3;4;5;7;4;4;9;7;9;2;10;14;10;9;21;13;15;10;17;18;14;13;6;7;2;9;12;14;13;11;6;8;11;12;11;16;9;7;5;3;9;4;5;3;4;6;4;1;8;9;9;4;6;8;6;5;6;5;5;8;3;1;5;3;1;4;3;2;3;0;0;1;1;1;0;0;0;0;0;0;0;0;0;0;0;0;0;0;0;611
01/01/2018;8;BASURTU-ZORROTZA         ;803;MASUSTEGI-MONTE CARAMELO ;43.2525;-2.95459;HOMBRES;18;10;22;9;15;19;15;27;29;29;23;30;26;15;18;23;17;23;14;20;21;20;26;15;18;10;19;17;26;10;22;34;16;28;17;21;21;21;26;30;27;43;36;31;48;42;46;46;47;31;43;39;47;30;36;44;34;36;37;32;30;26;27;23;25;30;21;15;16;22;14;8;7;13;18;13;5;11;3;10;12;8;14;6;9;7;4;3;5;4;6;2;2;1;1;0;0;0;0;0;0;0;0;0;0;0;0;0;0;0;0;0;2016
01/01/2018;8;BASURTU-ZORROTZA         ;803;MASUSTEGI-MONTE CARAMELO ;43.2525;-2.95459;MUJERES;11;15;14;19;12;18;11;14;23;28;17;22;29;17;40;15;12;14;25;22;10;19;17;22;16;18;20;20;19;25;24;19;16;15;26;27;28;25;26;23;25;43;32;43;44;41;42;44;45;29;46;45;38;43;32;46;41;38;30;31;28;32;20;24;24;24;15;15;14;14;15;17;14;13;15;9;12;12;16;18;10;20;10;11;15;9;11;8;8;7;14;10;3;2;2;1;0;0;0;0;0;0;0;0;0;0;0;0;0;0;0;0;2063
01/01/2018;8;BASURTU-ZORROTZA         ;804;ALTAMIRA                 ;43.261944;-2.963889;HOMBRES;7;7;5;6;5;6;5;9;8;8;10;7;9;4;7;7;7;10;9;2;8;8;5;10;4;8;8;10;8;10;10;7;8;7;7;14;14;7;14;15;21;13;13;12;10;12;9;15;16;16;14;10;16;17;8;18;15;20;11;8;7;13;8;9;8;6;9;8;5;9;4;7;6;6;8;8;6;9;7;3;3;3;8;10;7;3;7;9;7;6;4;1;2;1;0;1;0;0;0;0;0;0;0;0;0;0;0;0;0;0;0;0;812
01/01/2018;8;BASURTU-ZORROTZA         ;804;ALTAMIRA                 ;43.261944;-2.963889;MUJERES;7;6;5;6;11;7;9;7;2;7;9;3;8;8;7;6;12;6;5;3;5;8;4;6;11;8;4;7;6;9;9;9;7;9;14;10;12;12;14;12;11;17;21;7;16;12;21;21;19;12;6;9;15;17;9;15;7;13;9;14;13;9;6;4;7;9;8;9;8;9;9;9;7;13;6;6;10;9;8;8;16;17;15;5;15;11;19;11;8;6;4;4;2;0;1;2;1;2;1;0;0;0;1;0;0;0;0;0;0;0;0;0;889
01/01/2018;8;BASURTU-ZORROTZA         ;805;ZORROTZA                 ;43.2777116;-2.9720337;HOMBRES;44;33;54;47;51;41;34;48;46;57;46;51;38;37;51;60;56;57;52;48;43;39;40;38;41;61;67;48;59;64;64;64;66;60;61;62;77;82;75;79;73;79;61;86;69;87;80;89;89;87;106;86;79;79;77;83;81;85;84;78;91;89;99;73;77;76;67;51;66;48;56;53;55;54;43;42;42;52;22;20;33;38;35;25;34;32;25;21;18;17;6;6;5;2;5;3;0;0;0;0;1;0;0;0;0;0;0;0;0;0;0;0;5261
01/01/2018;8;BASURTU-ZORROTZA         ;805;ZORROTZA                 ;43.2777116;-2.9720337;MUJERES;31;38;30;32;37;32;39;47;49;44;53;55;51;41;63;48;45;43;54;39;47;39;35;51;36;50;46;47;43;55;61;51;70;62;66;59;65;74;67;68;68;70;91;82;78;90;94;105;107;84;79;93;98;90;109;85;87;94;92;98;101;86;91;69;79;85;67;61;73;65;71;58;82;67;58;55;44;50;43;44;55;53;56;51;54;49;46;40;29;28;27;21;21;13;7;10;10;3;1;0;1;0;1;1;0;0;1;0;0;1;0;0;5685
01/01/2018;8;BASURTU-ZORROTZA         ;806;DISEMINADO               ;;;HOMBRES;0;3;0;1;2;1;1;3;0;0;0;0;0;1;0;0;1;0;1;0;0;0;0;1;2;2;3;1;0;3;2;0;0;1;4;3;3;2;1;3;1;4;0;3;2;2;3;1;5;6;4;2;1;1;1;1;1;4;1;0;1;1;2;1;0;2;0;1;1;0;0;0;1;2;1;0;0;0;0;0;2;0;0;2;0;1;0;0;1;2;0;0;0;0;0;0;0;0;0;0;0;0;0;0;0;0;0;0;0;0;0;0;109
01/01/2018;8;BASURTU-ZORROTZA         ;806;DISEMINADO               ;;;MUJERES;1;0;1;3;0;1;0;0;2;1;1;0;1;2;1;0;0;0;1;1;1;0;2;1;0;3;1;2;2;1;1;1;1;1;2;1;0;2;0;1;0;0;0;0;2;2;3;1;4;0;4;1;2;2;1;3;0;1;1;1;1;0;2;0;0;0;0;0;1;0;0;1;1;1;0;1;0;2;2;0;2;1;2;0;2;0;1;2;0;0;0;0;1;0;1;0;0;0;0;0;0;0;0;0;0;0;0;0;0;0;0;0;91
TOTAL;;;;;;;;2402;2591;2533;2761;2662;2690;2787;2824;2862;3073;2930;2821;2868;2949;2879;2931;2829;2893;2885;2813;2993;2913;2868;3003;3102;3192;3334;3276;3463;3575;3714;3828;4012;4104;4211;4373;4541;4746;4878;5250;5226;5417;5423;5628;5208;5355;5396;5441;5302;5318;5573;5477;5720;5836;5659;5612;5452;5460;5482;5147;5240;4827;4522;4304;4205;4088;3833;3865;3965;3980;3601;3597;3879;3665;3382;3039;2829;3081;2312;2497;2800;3048;2952;2919;2867;2651;2369;2161;1814;1667;1369;1108;883;693;575;414;288;201;111;79;56;39;17;19;11;7;6;0;1;2;1;2;346332
